{"cameraMode":{"drawMode":0,"name":"Shaded","section":"Shading Mode"},"sceneLighting":false,"audioPlay":false,"sceneViewState":{"m_AlwaysRefresh":false,"showFog":true,"showSkybox":false,"showFlares":true,"showImageEffects":true,"showParticleSystems":true,"showVisualEffectGraphs":true,"m_FxEnabled":true},"in2DMode":false,"pivot":{"x":-0.05840110778808594,"y":-0.43642735481262209,"z":0.19235384464263917},"rotation":{"x":-0.157498300075531,"y":0.8155269026756287,"z":-0.2611452341079712,"w":-0.4918542802333832},"size":1.1013113260269166,"orthographic":false}