{"cameraMode":{"drawMode":0,"name":"Shaded","section":"Shading Mode"},"sceneLighting":false,"audioPlay":false,"sceneViewState":{"m_AlwaysRefresh":false,"showFog":true,"showSkybox":false,"showFlares":true,"showImageEffects":true,"showParticleSystems":true,"showVisualEffectGraphs":true,"m_FxEnabled":true},"in2DMode":false,"pivot":{"x":-27.49039077758789,"y":-3.7436418533325197,"z":10.240407943725586},"rotation":{"x":-0.030188018456101419,"y":0.9684891104698181,"z":-0.19884173572063447,"w":-0.14696593582630158},"size":0.6173286437988281,"orthographic":false}