{"cameraMode":{"drawMode":0,"name":"Shaded","section":"Shading Mode"},"sceneLighting":true,"audioPlay":false,"sceneViewState":{"m_AlwaysRefresh":false,"showFog":true,"showSkybox":false,"showFlares":true,"showImageEffects":true,"showParticleSystems":true,"showVisualEffectGraphs":true,"m_FxEnabled":true},"in2DMode":false,"pivot":{"x":-0.9454998970031738,"y":0.007999897003173828,"z":12.780500411987305},"rotation":{"x":-0.2554626166820526,"y":0.6367560625076294,"z":-0.23640191555023194,"w":-0.6880509853363037},"size":13.715288162231446,"orthographic":false}