{"cameraMode":{"drawMode":0,"name":"Shaded","section":"Shading Mode"},"sceneLighting":true,"audioPlay":false,"sceneViewState":{"m_AlwaysRefresh":false,"showFog":true,"showSkybox":true,"showFlares":true,"showImageEffects":true,"showParticleSystems":true,"showVisualEffectGraphs":true,"m_FxEnabled":true},"in2DMode":false,"pivot":{"x":1031.4078369140625,"y":564.8547973632813,"z":36.65643310546875},"rotation":{"x":0.1973273903131485,"y":-0.05113409459590912,"z":0.010305941104888916,"w":0.9789795875549316},"size":140.27444458007813,"orthographic":false}